fiance,children,brother,aunt
fiancee,dad,brothers,auntie
hubby,daddy,grand-daughter,aunties
husband,dads,grandaughter,aunts
wife,daughter,grandchild,aunty
ex-husband,daughters,grandchildren,brother-in-law
ex-wife,father,granddaughter,cousin
husbands,fathers,granddaughters,cousins
wives,mama,grandfather,daughter-in-law
spouses,mom,grandfathers,father-in-law
spouse,momma,grandkids,godbrother
wifey,mommies,grandma,godsister
,mommy,grandmas,in-laws
,moms,grandmother,inlaws
,mother,grandmothers,mother-in-law
,mothers,grandpa,neice
,mum,grandparent,nephew
,mummy,grandparents,nephews
,mums,grandson,niece
,papa,grandsons,nieces
,parent,grannies,relatives
,parents,granny,sister-in-law
,son,great grandfather,sisters-in-law
,sons,great-grandchildren,son-in-law
,step-father,great-granddaughter,uncle
,step-mother,great-grandfather,uncles
,stepdad,great-grandmother,great-uncle
,stepdaughter,great-grandparents,great uncle
,stepfather,great-grandson,my relatives
,stepmom,great-great-grandson,
,stepmother,half-brother,
,stepson,nana,
,step father,older brother,
,step mother,sibling,
,step son,siblings,
,step daughter,sis,
,moma,sister,
,baby,sisters,
,kid,half-sister,
,oldest son,great-great-grandfather,
,only son,twin brother,
,daddies,family,
,elder son,grandad,
,first son,great grandson,
,only child,half brother,
,youngest child,great grandchildren,
,only daughter,younger siblings,
,eldest child,grampa,
,first child,older siblings,
,first daughter,younger sisters,
,oldest child,older sisters,
,baby girl,elder sister,
,stepchildren,,
,baby boy,,